{
  "project_info": {
    "project_number": "831052470959",
    "project_id": "cubequiz-f48e0",
    "storage_bucket": "cubequiz-f48e0.appspot.com"
  },
  "client": [
    {
      "client_info": {
        "mobilesdk_app_id": "1:831052470959:android:7ac61ae054d52ef80b125a",
        "android_client_info": {
          "package_name": "com.example.cubequiz"
        }
      },
      "oauth_client": [
        {
          "client_id": "831052470959-berf71n6du7tg8ohk4s086ug23cjovf6.apps.googleusercontent.com",
          "client_type": 1,
          "android_info": {
            "package_name": "com.example.cubequiz",
            "certificate_hash": "4bc1aa8d18eedab105da2be7cc9e07e4e4f4386e"
          }
        },
        {
          "client_id": "831052470959-r6o934rce5k1a75rvjf9j5ok18g8of8l.apps.googleusercontent.com",
          "client_type": 3
        }
      ],
      "api_key": [
        {
          "current_key": "AIzaSyCBQHF3-F_NLEawPmPuH0m6sdE2MNgIJYM"
        }
      ],
      "services": {
        "appinvite_service": {
          "other_platform_oauth_client": [
            {
              "client_id": "831052470959-r6o934rce5k1a75rvjf9j5ok18g8of8l.apps.googleusercontent.com",
              "client_type": 3
            }
          ]
        }
      }
    }
  ],
  "configuration_version": "1"
}